Aaron,Abdiel,Abdullah,Abel,Abelard,Abilo,Abraham,Abram,Acel,Achille,Achilles,Achilleus,Achim,Achmed,Ackerley,Ackley,Acton,Adalard,Adalbero,Adalbert,Adalbrecht,Adalwine,Adam,Adan,Addi,Addisen,Addison,Adelard,Adelbert,Adelfo,Aden,Adger,Adhelard,Adi,Adison,Aditya,Adolf,Adolfo,Adolph,Adonai,Adonija,Adonis,Adray,Adrian,Adrianus,Adriel,Adrien,Advent,Ageline,Agrican,Agron,Agustin,Ahmad,Ahmed,Aidan,Aiden,Aiken,Ailen,Akim,Alain,Alan,Albaric,Albero,Albert,Alberto,Albin,Albrecht,Alcot,Alcott,Alden,Alder,Aldo,Aldred,Aldren,Aldrich,Aldrick,Aldridge,Aldrych,Aldwin,Aldwyn,Alec,Alejandro,Aleron,Alessandro,Alessio,Alex,Alexander,Alexandre,Alexandro,Alexei,Alexis,Alexzander,Alf,Alfie,Alfons,Alfonse,Alfonso,Alfred,Alfredo,Alfric,Alfrid,Algar,Alger,Algernon,Algrenon,Ali,Alijah,Alke,Alkuin,Alkwin,Allan,Allard,Allen,Allie,Allon,Allston,Allvar,Aloin,Alois,Aloisius,Alon,Alonso,Alonzo,Aloys,Alphons,Alphonse,Alphonso,Alphonsus,Alric,Altfried,Altman,Alton,Aluin,Alvan,Alvaro,Alvertos,Alvin,Alvis,Alvord,Alvyn,Alwin,Alwyn,Amadeo,Amadeus,Amari,Amarion,Amaud,Amaury,Ambert,Amel,Amerigo,Amery,Ames,Amey,Amir,Ammon,Amo,Amory,Amos,Amou,Amoux,Amsden,Anatol,Anatole,Anaxagoras,Anaximander,Ancel,Ancil,Anderl,Anderson,Andor,Andre,Andrea,Andreas,Andrei,Andres,Andrew,Andrey,Andrick,Andrijan,Andrin,Andy,Angel,Angelico,Angelino,Angelo,Angelus,Angus,Anno,Anse,Ansel,Ansell,Anselm,Anselme,Ansgar,Anshelm,Ansko,Ansley,Answald,Anthony,Antoine,Anton,Antonio,Antonius,Antony,Antwan,Aramis,Arber,Arcadius,Arch,Archaimbaud,Archambault,Archard,Archenhaud,Archer,Archerd,Archibald,Archie,Archimbald,Archy,Arden,Arendt,Ari,Arian,Aribert,Ariel,Arjen,Arjun,Arledge,Arley,Arlo,Armand,Armande,Armando,Armani,Armin,Arminius,Armond,Armstrong,Arnald,Arnaldo,Arnall,Arnatt,Arnaud,Arndell,Arndt,Arne,Arnet,Arney,Arnhold,Arnie,Arnim,Arno,Arnold,Arnott,Aron,Arthur,Artur,Arturo,Artus,Arundel,Arvie,Arvin,Arvis,Arvon,Arwin,Aryan,Asa,Ascelin,Asher,Ashley,Ashton,Asterios,Athelstan,Attila,Auberon,Aubert,Aubin,Aubrey,Aubry,Audric,Audwin,August,Augustin,Augustinus,Augusto,Augustus,Auhert,Aurélien,Aurel,Aurelian,Aurelianus,Aurelius,Auriville,Austen,Austin,Austyn,Avenall,Aveneil,Avenelle,Avent,Averill,Avery,Awarnach,Axel,Ayden,Baby,Bailey,Baldemar,Baldo,Baldric,Balduin,Baldus,Baldwin,Balko,Ballard,Balthasar,Balthassar,Bancroft,Baptist,Baptiste,Barclay,Barden,Barklay,Barkley,Barks,Barksdale,Barnabas,Barnard,Barnet,Barnett,Baron,Barr,Barret,Barrett,Barrie,Barron,Barry,Bart,Barthel,Bartholomaeus,Bartlett,Bartram,Baruch,Bas,Basil,Bast,Bastian,Bastle,Battist,Battista,Baudouin,Baudric,Bax,Baxter,Bay,Bayard,Baylen,Bayley,Beacher,Beal,Beale,Beall,Beaman,Beardsley,Beau,Beaufort,Beauregard,Beauvais,Bede,Beldon,Bell,Bellamy,Ben,Bendix,Benedict,Benedikt,Benediktus,Bengt,Beni,Benito,Benjamin,Benjamino,Bennet,Bennett,Benno,Benny,Beno,Bente,Bentley,Beppo,Berenger,Bergen,Bergess,Berit,Berkeley,Berkley,Bernard,Bernardo,Bernd,Berne,Bernhard,Bernhardt,Bernie,Bernt,Berny,Bert,Berthold,Berthoud,Berti,Bertie,Bertold,Bertolt,Berton,Bertram,Bertran,Bertrand,Berty,Bevis,Bilal,Billy,Bing,Birch,Björn,Bjarne,Bjorn,Blade,Blaine,Blais,Blaisdell,Blaise,Blaize,Blake,Blase,Blayze,Blaze,Bo,Bob,Bobby,Bobby-Jo,Bodil,Bodin,Bodo,Bogart,Bogdan,Bolton,Bond,Bonham,Boniface,Bonifacius,Bonifatius,Bonifaz,Booker,Boone,Booth,Boothe,Bordan,Borden,Boris,Borris,Bosco,Bosse,Bosso,Both,Botho,Boto,Boyce,Bozo,Brad,Braden,Bradford,Bradley,Bradly,Bradney,Brady,Bradyn,Braeden,Braedon,Braid,Braiden,Bran,Brand,Branden,Brandon,Branford,Brant,Braulio,Braxton,Bray,Brayan,Brayden,Braydon,Brayton,Brecht,Brendan,Brenden,Brendon,Brennan,Brennen,Brent,Brentan,Brenton,Bret,Brett,Brewster,Brian,Brice,Brigham,Brinley,Brisco,Brock,Brocton,Brod,Broderick,Brodie,Brody,Bromley,Bromwell,Bromwood,Bronson,Bronwen,Bronwyn,Brook,Brooks,Bruce,Brunelle,Bruno,Bryan,Bryant,Bryce,Brycen,Brys,Bryson,Buckley,Bud,Buiron,Burcet,Burdett,Burdette,Burel,Burg,Burgess,Burghard,Burkhard,Burkhart,Burley,Burne,Burns,Burt,Burton,Buster,Byrne,Byron,Cade,Caden,Cadwell,Cael,Caiden,Cain,Caio,Cal,Calder,Caldwell,Cale,Caleb,Calhoun,Calliste,Callixtus,Calvert,Calvin,Camden,Cameron,Camren,Camron,Carden,Carel,Carl,Carleton,Carlisle,Carlo,Carlos,Carlton,Carlyle,Carol,Carolos,Carolus,Carrington,Carson,Carsten,Carter,Carvell,Carver,Casey,Casimir,Cason,Caspar,Castor,Catcher,Caulder,Cayden,Cearbhall,Cecco,Cedric,Celestino,Cerdic,Cesar,Chad,Chadwick,Chaim,Chance,Chandler,Chane,Chaney,Chanler,Channing,Chapin,Chapman,Chappel,Chappell,Charles,Charley,Charlie,Charlot,Charlton,Charly,Chase,Chaunce,Chauncey,Chauncy,Chayne,Chaz,Cheney,Cheval,Chevalier,Chevell,Chevy,Cheyne,Chilton,Chip,Choncey,Chrestien,Chris,Christian,Christien,Christinus,Christofor,Christoph,Christophe,Christopher,Christopherus,Chuck,Claas,Claiborne,Clarence,Clark,Claudde,Claude,Claudio,Claudius,Claus,Clay,Clayton,Cleavon,Clemens,Clement,Cleopas,Cleve,Cleveland,Cliff,Clifford,Clifton,Clint,Clinton,Clive,Clovis,Coby,Cody,Cohen,Colan,Colbert,Colbey,Colborn,Colby,Cole,Coleman,Colin,Coljar,Collin,Collins,Colt,Colten,Colter,Colton,Colyn,Con,Conner,Conni,Connie,Connor,Conny,Conor,Conrad,Constantin,Constantinus,Cooper,Copper,Corben,Corbett,Corbin,Corbinian,Corby,Corbyn,Cordalles,Cordell,Corey,Corin,Cornelio,Cornelius,Cort,Cortez,Cortland,Corvin,Cory,Court,Courtenay,Courtland,Courtnay,Courtney,Coyan,Coyne,Craig,Crawford,Creighton,Cretien,Cristian,Cristobal,Cristopher,Cromwell,Cruz,Cullen,Curcio,Currier,Curt,Curtice,Curtis,Curtiss,Cynric,Cyrano,Cyrill,Cyrillus,Cyrus,D'Arcy,D'anton,D'arcy,Dabbert,Dace,Dacey,Dacian,Dag,Dagobert,Daine,Dakota,Dale,Dallas,Dallin,Dalton,Damian,Damiano,Damien,Damion,Damon,Dan,Dandelion,Dandre,Dane,Dangelo,Daniel,Danilo,Danniell,Danny,Dante,Danton,Daquan,Darcel,Darcell,Darcio,Darcy,Dareau,Darek,Darian,Dariel,Dariell,Darien,Darin,Dario,Darion,Darius,Darko,Darnell,Darrel,Darrell,Darren,Darrin,Darrion,Darrius,Darroll,Darryl,Darryll,Dartagnan,Darvell,Darwin,Darwyn,Daryl,Daryll,Dash,Dashawn,Dashiell,Dave,Davet,David,Davin,Davion,Davis,Davon,Davy,Dawson,Dax,Dayadi,Dayne,Dayton,Dean,DeanDeandre,Deangelo,Declan,Dedrick,Del,Delaine,Delancy,Delane,Delaney,Delano,Delmar,Delmer,Delmon,Delmont,Delmore,Delray,Delrick,Delrico,Delron,Delroy,Demarcus,Demetrius,Dempster,Denis,Deniz,Dennet,Dennis,Denton,Denver,Denys,Denzel,Deon,Deonte,Derck,Dereck,Derek,Derell,Derick,Derik,Derk,Derrall,Derrek,Derrell,Derrick,Derrik,Derrill,Derry,Derwood,Deryck,Deryk,Deshaun,Deshawn,Desmond,Desmund,Destan,Destin,Deston,Destrey,Destrie,Destry,Detlef,Detlev,Devan,Devante,Deven,Deveral,Devere,Devereau,Devereaux,Deverel,Deverell,Deverick,Devery,Devin,Devon,Devonte,Devry,Devyn,Dexter,Diandre,Dicken,Dickens,Dickenson,Dickinson,Didier,Diederich,Diedrich,Diego,Dieter,Diether,Dietmar,Dietrich,Digby,Dilan,Dillan,Dillen,Dillon,Dimitri,Dimitrij,Dion,Diondre,Dionte,Dirk,Ditmar,Dittmar,Dix,Dixie,Dixon,Dob,Dobbs,Dolf,Dolph,Domenic,Domenico,Domian,Domingo,Dominic,Dominick,Dominik,Dominikus,Dominique,Don,Donald,Donat,Donatello,Donatien,Donato,Donatus,Donavan,Dondre,Donny,Donovan,Dontae,Donte,Dorian,Dorkas,Dorset,Dorsey,Douglas,Dover,Doyle,Doyt,Dragan,Drago,Drake,Draven,Drew,Dru,Duane,Dudley,Dudly,Dumont,Duncan,Dunstan,Duran,Durand,Durango,Durant,Durante,Dureau,Duron,Durrant,Durwald,Durward,Durwin,Durwood,Dustin,Duston,Dusty,Dustyn,Duval,Dwayne,Dwenn,Dwennon,Dwight,Dwighte,Dwite,Dwyght,Dwyghte,Dwyte,Dylan,Dylon,Ean,Earl,Easton,Eaton,Ebbo,Eberhard,Eckart,Eckbert,Eckehart,Ed,Eddie,Eddy,Ede,Edel,Edelhart,Edgar,Edgard,Edgardo,Edmar,Edmon,Edmond,Edmund,Edmundo,Edo,Edsel,Eduard,Eduardo,Edvard,Edward,Edwardo,Edwards,Edwardson,Edwin,Efraim,Efrain,Efrem,Efren,Egan,Egbert,Egbrecht,Egerton,Egidius,Egnatius,Egon,Ehrhard,Eicren,Eike,Ekbrecht,Elbert,Elbridge,Elden,Elder,Eldon,Eldridge,Eleasar,Eleazar,Elery,Elfred,Eli,Elia,Elian,Elias,Eliezer,Elija,Elijah,Eliot,Eliott,Eliseo,Elisha,Ellerey,Ellery,Elliot,Elliott,Ellis,Elman,Elmar,Elmer,Elmo,Elmore,Elon,Eloy,Elric,Elroy,Elten,Elton,Elvin,Elvis,Emanuel,Emersen,Emerson,Emery,Emil,Emile,Emiliano,Emilio,Emlyn,Emmanuel,Emmerich,Emmerson,Emmery,Emmett,Emmyrson,Emory,Emyrson,Endrik,Enes,Engelbert,Engelbrecht,Englebert,Ennio,Enno,Enrico,Enrique,Enzio,Ephraim,Eppie,Eppo,Erhard,Eric,Erich,Erick,Erik,Eriq,Ermin,Ernest,Ernesto,Ernst,Errol,Erskine,Erwin,Esau,Escott,Esmond,Esmund,Esra,Esteban,Estevan,Ethan,Ethelbert,Ethelred,Ethen,Etienne,Eufemio,Eugen,Eugene,Euphemius,Evan,Everett,Ewald,Ewart,Ewing,Eyvind,Ezechiel,Ezekiel,Ezequiel,Ezra,Fabian,Fabiano,Fabianus,Fabien,Fabio,Fabius,Fairfax,Fairleigh,Fairley,Falk,Falko,Farald,Faralt,Faramond,Farand,Farant,Farland,Farley,Farly,Farold,Farolt,Farrand,Farrell,Faruk,Faust,Faustino,Faustinus,Fausto,Faustus,Federico,Federigo,Fedor,Felipe,Felix,Felizian,Ferd,Ferdel,Ferdi,Ferdie,Ferdinand,Ferdinando,Ferdy,Fernand,Fernando,Ferrand,Fester,Fidel,Fidelio,Fidelis,Fidelius,Fielding,Fiete,Filip,Filippo,Filiz,Finn,Fitz,Fleming,Flemming,Fletcher,Florens,Florentin,Florentinus,Florentus,Florenz,Florestan,Flori,Florian,Florianus,Floridus,Florin,Floris,Florus,Floyd,Flurin,Folker,Folkher,Folkmar,Fontaine,Fontane,Fontayne,Fonteyne,Forbes,Ford,Forrest,Fortun,Fortune,Francesco,Francis,Francisco,Franciscus,Francois,Franek,Frank,Franke,Frankie,Franklin,Franko,Franky,Frantisek,Franz,Franziskus,Fred,Freddie,Freddy,Frederic,Frederick,Fredi,Fredrick,Free,Freidhelm,Freman,Fremont,Fridericus,Fridolin,Friedel,Frieder,Friedl,Friedrich,Frithjof,Fritjof,Fritz,Fulbert,Fulbright,Fuller,Fulton,Fynn,Görkem,Günter,Günther,Gabor,Gabriel,Gabriele,Gabriello,Gabrio,Gace,Gael,Gaetan,Gage,Gaige,Gaillard,Gall,Galli,Gallo,Gallus,Gannon,Garan,Gard,Gardiner,Garen,Garett,Garfield,Garin,Garion,Garlan,Garland,Garlen,Garlyn,Garnell,Garner,Garnet,Garnier,Garon,Garren,Garret,Garrett,Garrick,Garrin,Garrison,Garron,Garryson,Garvin,Gary,Garyson,Gascon,Gaspar,Gaspard,Gaston,Gauthier,Gautier,Gaven,Gavin,Gavyn,Gaylord,Gebbo,Gebert,Gebhard,Gedeon,Geffrey,Gehrt,Geof,Geoff,Geoffrey,Georg,George,Georgio,Geppert,Ger,Gerald,Gerard,Gerardo,Gerd,Gere,Gereon,Gerfried,Gerhard,Gerhardt,Gerhart,Gerion,Germain,German,Germano,Gero,Gerold,Gerome,Geron,Geronimo,Gerrald,Gerrard,Gerrell,Gerrit,Gerry,Gert,Gervais,Gervase,Gerwald,Gerwin,Giacomo,Gian,Gian-Franco,Gian-Luca,Gian-Marco,Giancarlo,Gianni,Gideon,Gidi,Gidion,Gieselherr,Giffard,Gifferd,Gifford,Gil,Gilbert,Gilberto,Gilford,Gill,Gilleasbuig,Gilles,Gillian,Gino,Giovanni,Giovanny,Gironimo,Giso,Giuliano,Giulio,Giuseppe,Glen,Glenn,Godard,Godart,Goddard,Goddart,Godfrey,Goeran,Goldman,Goliat,Goliath,Gonzalo,Goran,Gordon,Gorius,Goswin,Gotbert,Gotfrid,Gottfried,Gotthard,Gotthold,Gottlieb,Gower,Graciano,Grady,Graeme,Graham,Granger,Grant,Granville,Gratian,Gratianus,Gray,Grayson,Graziano,Gregor,Gregorio,Gregory,Grenville,Greyson,Griffin,Grigor,Grimbald,Grischa,Griswold,Grosvenor,Guadalupe,Gualtiero,Guarniero,Guido,Guifford,Guillaume,Guillermo,Gunar,Gunnar,Gunner,Guntar,Gunter,Gunthar,Gunther,Guntram,Gustaf,Gustav,Gustave,Gustavo,Gustl,Guy,Hacket,Hackett,Hadden,Haden,Hadley,Hadrian,Hadrianus,Hagen,Hagley,Haiko,Haimo,Haines,Haio,Hajo,Hakan,Hakon,Halbert,Haley,Hall,Hallam,Halsey,Halton,Hamelin,Hamelyn,Hamilton,Hamlet,Hamlin,Hamlyn,Hamza,Hanibal,Hannecke,Hannes,Hannibal,Hanniel,Hanno,Hans,Hans-Jorg,Hans-Peter,Hans-carl,Hansi,Hanwyn,Harald,Harbert,Harbin,Harcourt,Harden,Hardey,Hardi,Hardie,Hardmod,Hardouin,Hardy,Harlan,Harland,Harley,Harlon,Harm,Harman,Harmen,Harmon,Harold,Harper,Harri,Harrison,Harry,Hartmod,Hartmut,Harv,Harvey,Hasan,Hasko,Hassan,Hastings,Hauke,Havel,Hawel,Hawk,Hawthorne,Hayden,Haydon,Hayes,Hayo,Haywood,Heath,Hector,Hedley,Heiko,Heimo,Hein,Heiner,Heini,Heino,Heinrich,Heinz,Heio,Hektor,Helge,Helgo,Helias,Helke,Hellmut,Hellmuth,Helmi,Helmo,Helmut,Helmuth,Hendrick,Hendrik,Henley,Henning,Henno,Henri,Henrick,Henricus,Henrik,Henry,Herbert,Heribert,Heriberto,Herman,Hermann,Hernando,Herrick,Herrmann,Herve,Herwin,Hesekiel,Hewett,Heymo,Hias,Hieronymus,Hildebrand,Hilliard,Hillier,Hillyer,Hilton,Hinnerk,Hinz,Hippokrates,Hobart,Holden,Holdger,Holge,Holger,Hollis,Holm,Horst,Horton,Houston,Howard,Howe,Hubert,Hubertus,Hudson,Huey,Hugbert,Hugh,Hugo,Hulbard,Hulbert,Hulburd,Hulh,Hulk,Humbert,Humberto,Humbie,Humfrey,Humfry,Humph,Humphrey,Hunt,Hunter,Huntley,Huprecht,Hurlbart,Hurlbert,Hurn,Hutton,Hyatt,Ian,Ibrahim,Ignace,Ignacio,Ignatius,Ignatz,Ignaz,Ignazio,Igor,Ildiko,Ilja,Immanuel,Immo,Inglebert,Ingmar,Ingo,Ingomar,Ingraham,Ingram,Ingwar,Innocentius,Innozenz,Iram,Irvin,Irving,Irwin,Isaac,Isaak,Isai,Isaiah,Isaias,Ischell,Isiah,Isidor,Isidorius,Ismael,Ismail,Israel,Isreal,Issac,Ivan,Iven,Ives,Ivo,Iwan,Izaiah,Jörg,Jörn,Jürgen,Jabari,Jace,Jack,Jackson,Jacky,Jacob,Jacobus,Jacoby,Jacque,Jacquelin,Jacques,Jaden,Jadon,Jadyn,Jaeden,Jagger,Jaheem,Jaheim,Jahiem,Jahn,Jaiden,Jaime,Jair,Jairo,Jake,Jakie,Jakob,Jakobe,Jakobus,Jalen,Jamal,Jamar,Jamari,Jamel,James,Jameson,Jamie,Jamil,Jamir,Jamison,Jan,Jan-Martin,Janek,Janko,Jannes,Jannik,Jannis,Janosch,Janus,Janusz,Jaquan,Jaquez,Jared,Jaren,Jarman,Jaro,Jarod,Jaromil,Jaromir,Jaron,Jarred,Jarrett,Jarrod,Jarv,Jarvey,Jarvis,Jascha,Jase,Jasmin,Jason,Jasper,Javen,Javier,Javion,Javon,Jaxon,Jaxson,JaxsonJay,Jay,Jayce,Jayden,Jaydon,Jaye,Jaylan,Jaylen,Jaylin,Jaylon,Jayson,Jean,JeanBaptiste,Jean-Baptiste,Jean-Carlo,Jean-Christophe,Jean-Claude,Jean-Luca,Jean-Marie,Jean-Pierre,Jeff,Jeffers,Jefferson,Jeffery,Jeffrey,Jefrem,Jehudi,Jendrich,Jendrick,Jendrik,Jenik,Jens,Jeoffroi,Jerard,Jeremia,Jeremiah,Jeremias,Jeremy,Jerker,Jermaine,Jeroen,Jeroma,Jerome,Jeronimus,Jerrit,Jerrold,Jerry,Jervis,Jesaja,Jesajas,Jesekiel,Jesper,Jesse,Jessie,Jesus,Jett,Jevon,Jim,Jimmy,Jo,Joachim,Joan,Joaquin,Jobst,Jochen,Jochim,Joe,Joel,Joey,Johan,Johann,Johannes,John,John-paul,Johnathan,Johnathon,Johnn,Johnnie,Johnny,Johnson,Jolie,Jon,Jona,Jonah,Jonas,Jonatan,Jonathan,Jonathon,Jonko,Jonn,Jonnie,Jordan,Jorden,Jordis,Jordon,Jordy,Jorg,Jorge,Joris,Jose,Josef,Joseph,Josh,Joshua,Josiah,Josias,Jost,Josua,Josue,Jourdan,Jovan,Jovani,Jovany,Joy,Joyanna,Juan,Juanito,Judah,Jude,Juhani,Jul,Jules,Julian,Julianus,Julien,Julio,Julius,Jullien,Junior,Juniper,Jupp,Jurgen,Juri,Jussuf,Justice,Justin,Justinian,Justinianus,Justinus,Justus,Justyn,Kaarle,Kaarlo,Kade,Kaden,Kadin,Kadir,Kai,Kai-Olaf,Kai-Uwe,Kaiden,Kain,Kale,Kaleb,Kalle,Kallist,Kallistus,Kallixtus,Kalman,Kameron,Kamil,Kampion,Kamron,Kane,Karcsi,Kareem,Karel,Kari,Karim,Karl,Karl-Heinz,Karlens,Karlheinz,Karlis,Karlitis,Karol,Karoly,Karson,Karstan,Karsten,Kasey,Kasimir,Kaspar,Kasper,Kastor,Kay,Kayden,Keagan,Keanu,Keaton,Keegan,Keenan,Kegan,Kei,Keith,Kelby,Kellen,Kelly,Kelsey,Kelton,Kelvin,Kemal,Ken,Kendall,Kendrick,Kenelm,Kenley,Kennedy,Kenneth,Kenny,Keno,Kent,Kenton,Kenyon,Keon,Kerman,Keshawn,Kester,Keven,Kevin,Kevon,Keyon,Keyshawn,Khalid,Khalil,Kian,Kieran,Kilby,Kilian,Killian,Kim,Kimberley,Kimon,King,Kingsley,Kinnard,Kinnell,Kinsey,Kipp,Kipper,Kippy,Kirk,Kjell,Klaas,Klaudius,Klaus,Klemens,Klement,Kleopas,Kleophas,Klopas,Knox,Knut,Kobe,Koby,Kody,Kolas,Kolby,Kole,Kolja,Kolton,Konrad,Konradin,Konstantin,Korbin,Korbinian,Korey,Kornel,Kornelius,Kort,Kory,Kosha,Kosta,Kostis,Kostja,Kourosh,Kristian,Kristofer,Kristopher,Kunibert,Kuno,Kunz,Kurt,Kurtis,Kylan,Kyle,Kyler,Kyree,Kyrill,Kyrillus,L'Angley,Ladislaus,Lafayette,Lajos,Lamar,Lamarr,Lambert,Lambrecht,Lamont,Lampert,Lamprecht,Lance,Lancelin,Lancelot,Landan,Landen,Landers,Landis,Lando,Landon,Lane,Lang,Langley,Laramie,Larry,Lars,Larue,Lasalle,Laslo,Lasse,Laszlo,Latimer,Latrell,Launcelot,Laurence,Laurent,Laurentius,Laurenz,Laux,Lawrence,Lawson,Layne,Layton,Lazarus,Leal,Leander,Leandre,Leandro,Lee,Leeroy,Legget,Legolas,Leies,Leif,Leigh,Leland,Lenard,Lennard,Lennart,Leo,Leocadie,Leodegrance,Leon,Leonard,Leonardo,Leonce,Leone,Leonel,Leonhard,Leonid,Leonore,Leopold,Leroi,Leron,Leroux,Leroy,Lester,Leszek,Leva,Leveret,Leverett,Levi,Levin,Lewis,Lex,Liam,Libold,Liborius,Lincoln,Lind,Lindberg,Linden,Lindon,Linn,Lino,Linus,Linwood,Lion,Lionel,Lionell,Lionello,Lisandro,Lisle,Litton,Livio,Llewellyn,Logan,Loisl,London,Lonell,Lonnell,Lonnie,Loreno,Lorenz,Lorenzo,Loring,Loris,Lothair,Lothar,Louie,Louis,Louvel,Lovell,Lowe,Lowell,Loyal,Luc,Luca,Lucan,Lucas,Lucian,Luciano,Lucien,Ludolf,Ludovic,Ludovico,Ludovicus,Ludwig,Luglio,Luigi,Luis,Luitpold,Luka,Lukas,Luke,Luther,Lutz,Lyle,Lyndon,Lyonel,Lyre,Lysander,Lytton,Mace,Madelon,Madison,Maginhart,Magnus,Mahieu,Maik,Mailhairer,Maitland,Makepeace,Malachi,Malakai,Malcolm,Malik,Malin,Malleville,Mallory,Malou,Malte,Malvin,Malwin,Mandel,Manfred,Mani,Manilo,Manley,Manly,Manneville,Manning,Manolito,Manolo,Mansfield,Mantel,Manton,Manuel,Manville,Many,Marc,Marceau,Marcel,Marcellinus,Marcello,Marcellus,Marcelo,Marco,Marcos,Marcus,Marden,Mardyth,Marek,Marenus,Marian,Mariano,Marin,Marino,Marinus,Mario,Mariolino,Marius,Mark,Markes,Markey,Marko,Markus,Marland,Marley,Marlo,Marlon,Marlow,Marlowe,Marmion,Marq,Marque,Marquez,Marquis,Marquise,Marsden,Marsdon,Marsh,Marshal,Marshall,Marston,Mart,Marten,Marti,Martin,Martino,Martius,Martus,Maruck,Marvin,Marwin,Marwood,Marzellus,Maslin,Mason,Masselin,Masson,Mateo,Mather,Mathew,Mathias,Mathieu,Mats,Matteo,Mattes,Matthew,Matthias,Matthieu,Mattias,Matty,Matze,Maurice,Mauricio,Mauritius,Maurizio,Maurus,Maverick,Max,Maxence,Maxim,Maxime,Maximilian,Maximillian,Maximo,Maximus,Maxwell,Mayhew,Maynard,Mayne,Maynor,Mead,Medwin,Mees,Mehmet,Meinert,Meinhard,Mekhi,Melchior,Melton,Melville,Melvin,Menachem,Menard,Mercer,Merla,Merle,Merlin,Merlion,Merrell,Merrick,Merrill,Mertin,Merwin,Meus,Micah,Michael,Michail,Micheal,Michel,Michele,Mick,Miguel,Mika,Mike,Mikel,Milan,Miles,Milko,Millard,Miller,Mills,Millson,Milo,Milt,Milten,Milto,Milton,Milty,Mino,Miquel,Mircha,Mirek,Mirko,Misael,Miso,Mitchel,Mitchell,Mohamed,Mohammad,Mohammed,Moises,Momo,Mont-Gomerie,Montague,Montaigu,Montaine,Montgomery,Moor,Moore,More,Morell,Moreno,Morgan,Moritz,Moriz,Morris,Morven,Moses,Moshe,Muck,Muhammad,Mustafa,Mutz,Myles,Nann,Napoleon,Nash,Nasir,Natan,Nathan,Nathanael,Nathanial,Nathaniel,Nathen,Navid,Nayan,Neal,Nealson,Ned,Neddie,Neddy,Nedes,Nehemiah,Neil,Neilson,Neivin,Nelles,Nellie,Nelly,Nelson,Neo,Nepomuk,Nero,Nestor,Neuman,Neumann,Neuveville,Neville,Newall,Newbold,Newell,Newgate,Newland,Newlin,Newman,Newmie,Newton,Nicandro,Nichol,Nicholas,Nick,Nickolas,Nico,Nicodemo,Nicolai,Nicolas,Nicolaus,Niels,Nigel,Nikhil,Nikita,Niklas,Niko,Nikodemus,Nikol,Nikolas,Nikolaus,Nils,Nilson,Nimet,Nino,Noa,Noah,Noe,Noel,NoelNolan,Noell,Nolan,Norbert,Noreis,Norice,Norm,Normal,Norman,Normand,Normen,Normie,Norris,North,Norton,Norville,Norvin,Norward,Norwell,Norwin,Norwood,Norwyn,Nouel,Nowles,Numen,Nuran,Nyle,ONille,Oakley,Obert,Octave,Octavio,Odell,Oden,Odin,Odo,Odolf,Odysseus,Ogden,Olaf,Ole,Oleg,Oli,Olin,Oliver,Olivier,Omar,Omari,Omarion,Onfroi,Onnan,Onno,Onnond,Oralndo,Orazio,Orion,Orlan,Orlando,Orman,Ormen,Ornand,Orson,Orsond,Orvelle,Orvil,Orville,Osbaldo,Osbert,Osborn,Osborne,Oscar,Osgood,Oskar,Osmar,Osmond,Ossie,Osvaldo,Oswald,Oswaldo,Oswall,Oswell,Oswin,Otger,Othello,Othmar,Otmar,Otmund,Otto,Otwin,Ourson,Ove,Owe,Owen,Oxford,Oxon,Oxton,Ozzie,Paavo,Pablo,Pacey,Packard,Paco,Padgett,Page,Paget,Paien,Paige,Palmer,Palmiro,Pancratius,Pankratz,Paolo,Parfait,Paris,Park,Parke,Parker,Parkley,Parks,Parr,Parry,Pascal,Pascual,Pasquale,Pat,Paton,Patric,Patrick,Patten,Pattin,Patton,Paul,Paule,Paulus,Pawel,Paxon,Paxton,Payton,Pearson,Pedro,Peer,Pelham,Pell,Pelton,Penley,Penn,Penrod,Pepi,Pepin,Pepino,Pepperell,Peppi,Peppin,Per,Perceval,Percival,Percy,Perren,Perrin,Perry,Perryn,Peter,Petrus,Peverell,Peyton,Pharamond,Phil,Philip,Philipp,Philippe,Phillip,Phillipe,Phoenix,Pierce,Piero,Pierpont,Pierre,Pierrepont,Piers,Pierson,Pietro,Pio,Piperel,Pippin,Piret,Pirmin,Pit,Pius,Plat,Platt,Pollard,Pomeroy,Pommelraie,Porter,Porteur,Portier,Pranav,Preruet,Prescott,Presley,Preston,Prewitt,Priest,Priestley,Priestly,Prince,Priour,Prisko,Pruet,Pruie,Pruitt,Pryor,Putnam,Putney,Quennel,Quent,Quentin,Quenton,Quentrell,Quesnel,Quincey,Quincy,Quinn,Quint,Quinten,Quintin,Quintinus,Quinton,Quintrell,Quintus,Quinzi,Quirin,Quirinus,Régis,Rab,Rabbit,Rad,Radbert,Radcliff,Radcliffe,Radclyf,Radclyffe,Radford,Radley,Radnor,Radomil,Rae,Rafael,Raff,Raffael,Raffaello,Raffi,Raghnall,Rahul,Rai,Raik,Raimond,Raimondo,Raimund,Raimundo,Rainald,Rainer,Rainger,Rainier,Raleigh,Ralf,Ralph,Ralston,Rambert,Ramiro,Ramon,Ramond,Ramsay,Ramses,Ramsey,Ramzey,Ramzi,Randall,Randy,Ranger,Ranier,Ransden,Ransford,Ransley,Ransom,Raoul,Raphael,Rashad,Rasiel,Raul,Raven,Ravi,Ravinger,Ravinia,Rawdon,Rawley,Rawlings,Rawlins,Rawls,Rawly,Rawson,Ray,Rayburn,Rayce,Rayder,Raydon,Rayfield,Rayford,Raylen,Raymon,Raymond,Raymund,Raymundo,Raynard,Raynell,Read,Reade,Reading,Reagan,Reamonn,Red,Redd,Redding,Redfield,Redford,Redgrave,Redman,Redwald,Reece,Reed,Reese,Reg,Reggie,Reggy,Reginald,Regnauld,Reid,Reilly,Reimar,Reimund,Reinald,Reiner,Reinhard,Reinhold,Reinold,Reinwald,Rell,Remi,Remington,Remme,Remmie,Remmy,Remo,Remy,René,Renald,Renard,Renato,Renault,Rene,Renne,Rennie,Renny,Reto,Reuben,Reule,Reve,Rex,Rey,Reymond,Reymundo,Reynaldo,Reynard,Reynold,Reynolds,Rhett,Ricard,Ricardo,Rich,Richard,Richardo,Richmond,Rick,Rickard,Rickey,Rickie,Ricky,Rico,Rider,Ridley,Rigby,Rigoberto,Riley,Rinaldo,Riobard,Rip,Ripley,Rique,Rishley,Risto,Riston,River,Rob,Robb,Robben,Robbie,Robbins,Robby,Rober,Robert,Roberto,Robey,Robin,Robinson,Rocco,Roch,Roche,Rochester,Rocke,Rocky,Rod,Rodd,Roddie,Roddric,Roddrick,Roddy,Rodel,Rodell,Roderic,Roderich,Roderick,Rodge,Rodger,Rodhlann,Rodi,Rodman,Rodmond,Rodmund,Rodney,Rodolf,Rodolfo,Rodolph,Rodrigo,Roel,Rogelio,Roger,Rogj,Rohan,Roi,Rol,Roland,Rolando,Rolf,Rolfe,Rollan,Rolland,Rollie,Rollin,Rollo,Rolof,Rolph,Rolt,Romain,Roman,Romano,Romek,Romeo,Romian,Ron,Ronald,Ronaldo,Ronan,Ronnie,Ronny,Rory,Roselin,Ross,Roswald,Roswall,Roswell,Roth,Rousse,Roussel,Rousset,Rousskin,Rouven,Rowan,Rowe,Rowland,Roy,Royal,Royce,Royden,Ruben,Rubert,Ruddy,Rudi,Rudiger,Rudolf,Rudolfo,Rudolph,Rudy,Rudyard,Ruelle,Ruff,Ruffe,Ruggero,Rui,Rule,Rupert,Ruppert,Ruprecht,Rush,Rushe,Rushkin,Ruskin,Russ,Russel,Russell,Rust,Rutherford,Ruthren,Ruven,Ryan,Rycroft,Ryder,Rylan,Ryland,Ryle,Rylee,Ryley,Ryman,Rypley,Ryton,Sönke,Sören,Sabastian,Saber,Sacharja,Sadddique,Sage,Saladin,Saladino,Salentin,Salim,Salomo,Salomon,Salomone,Salvador,Salvator,Salvatore,Sam,Sambrose,Sami,Samir,Sammy,Samson,Samuel,Samy,Sanborn,Sandford,Sandon,Sandro,Sandy,Sanford,Santiago,Santino,Santos,Sargent,Sascha,Satordi,Saul,Sauville,Saverio,Saville,Savion,Sawyer,Schorsch,Scipio,Scipione,Scot,Scott,Scottie,Scotty,Seabert,Seabright,Seabrook,Seabury,Seamus,Sean,Searl,Searlas,Searle,Searlus,Sebastian,Sebastiano,Sebastien,Seberg,Sebert,Seid,Seignour,Selby,Selim,Semaj,Semjon,Senad,Senet,Senior,Sennet,Sepp,Seppel,Sepperl,Seppi,Sergej,Sergio,Sergius,Sesto,Seth,Severin,Severinus,Severn,Severus,Sevim,Sevrin,Seward,Sewell,Seymour,Shamar,Shane,Shannon,Shaun,Shaw,Shawn,Shayne,Shea,Sheldon,Shell,Shelley,Shelli,Shelly,Shemar,Shep,Shepard,Shepherd,Shepley,Sheppard,Sherborne,Sherlock,Sherm,Sherman,Sherwin,Sherwood,Shipley,Sid,Siddel,Sidney,Sidwell,Siegfrid,Siegfried,Siegmund,Sigfrid,Sigfried,Siggi,Sigismond,Sigismund,Sigmond,Sigmund,Sigwald,Silas,Silvain,Silvester,Silvestre,Silvio,Silvius,Simeon,Simon,Sinan,Sincere,Sinclair,Sinclaire,Sinjin,Sisto,Siward,Sixt,Sixtus,Skrolan,Skylar,Skyler,Slade,Snowden,Snowdun,Sobek,Solomon,Somer,Somerled,Somerville,Sonke,Sonny,Sorel,Soren,Sorrell,Spangler,Speck,Spence,Spencer,Spenser,Spike,Spiros,Sprague,Spyridon,Spyros,Stanberry,Stanbury,Stanek,Stanfield,Stanford,Stanhope,Stanislaus,Stanleigh,Stanley,Stanly,Stanmore,Stanton,Stanway,Stanwick,Stanwyck,Stefan,Steffen,Stein,Stephan,Stephen,Stephon,Sterling,Steve,Steven,Stockman,Stockton,Stockwell,Stokley,Stone,Stroud,Stuart,Studs,Suleiman,Sullivan,Sumarville,Sumner,Sven,Swen,Syd,Sydell,Sydney,Syed,Sylwester,Taavi,Tabaluga,Taillefer,Talbot,Talehot,Talon,Tancred,Tanner,Tarek,Tarik,Tariq,Tarius,Tarzan,Tassilo,Tasso,Tate,Tavin,Tavion,Taylor,Tayrese,Tearlach,Ted,Teddic,Teddie,Tedman,Tedmund,Tedric,Telfer,Telfor,Telford,Telfour,Terenz,Terrance,Terrel,Terrell,Terrence,Terrill,Terris,Terry,Thabo,Thaddäus,Thaddeus,Thaisen,Thane,Thassilo,Thatcher,Thees,Theo,Theobald,Theodor,Theodore,Theodoric,Theodorick,Theron,Therron,Thibaud,Thibaut,Thieny,Thierry,Thiery,Thomas,Thor,Thorald,Thoralf,Thorben,Thorbert,Thorburn,Thorley,Thormond,Thorn,Thorndyke,Thorne,Thornley,Thornton,Thorpe,Thorsten,Thurber,Thure,Thurlow,Thurman,Thurmon,Thurmond,Tibault,Tibbald,Tiberio,Tiberius,Tibor,Till,Tillmann,Tilmann,Tilo,Tim,Timo,Timon,Timothy,Tino,Tioboid,Tiran,Tirell,Tito,Titus,Tizian,Tiziano,Tjorven,Tobi,Tobia,Tobias,Toby,Todd,Toffel,Tom,Tomas,Tomaso,Tombke,Tomke,Tomkin,Tomlin,Tommy,Tompkin,Toni,Tonio,Tony,Torben,Torge,Torold,Torsten,Tostig,Toussnint,Towne,Townes,Townley,Townsend,Trace,Tracy,Tranter,Traugott,Travers,Travis,Travon,Tre,Trent,Trenton,Trever,Treves,Trevin,Trevion,Trevon,Trevor,Trey,Treyton,Tripp,Tristan,Tristen,Tristian,Tristin,Triston,Troy,Troyes,True,Trueman,Truesdale,Truman,Trystan,Tucker,Turner,Ty,Tybalt,Tyce,Tycho,Tychon,Tye,Tyeis,Tyeson,Tyler,Tylor,Tyne,Tyree,Tyrell,Tyrese,Tyron,Tyrone,Tyshawn,Tyson,Udo,Ugo,Ugolino,Uhland,Uland,Ulf,Uli,Ulises,Ulixes,Ulli,Ulric,Ulrich,Ulrico,Ulysses,Umberto,Urban,Urbano,Urbanus,Urias,Uriel,Urija,Urs,Ursinus,Ursio,Ursus,Uto,Utto,Uve,Uvo,Uwe,Uwo,Vachel,Vail,Valdemar,Valdimar,Valdimiro,Valdis,Valentianus,Valentin,Valentiniano,Valentino,Valentinus,Valentius,Valerian,Valerianus,Valerio,Valerius,Valiant,Vallis,Vallois,Vance,Vardan,Varden,Vardon,Varianus,Varius,Vasco,Vaughn,Vayle,Veit,Verddun,Verdell,Verel,Vern,Vernay,Verne,Vernell,Verner,Verney,Vernon,Verrall,Verrell,Verrill,Veryl,Vic,Vicente,Vick,Vico,Vicq,Victor,Victorian,Victorianus,Victorinus,Vidal,Videl,Vike,Viktor,Viktorin,Vilmos,Vincent,Vincentius,Vincenz,Vincenzo,Vinzenez,Vinzent,Vinzenz,Virgil,Vital,Vitale,Vitalis,Vito,Vittorio,Vladimir,Volkan,Volker,Volkher,Volkmar,Volkmer,Vollert,Volmar,Volney,Von,Wade,Waggoner,Wagner,Wain,Waine,Wake,Wakefield,Wakeley,Wakeman,Walcot,Walcott,Waldemar,Waldo,Waldomar,Waldron,Walker,Wallace,Wallach,Wallas,Waller,Wallie,Wallis,Wally,Walmond,Walmund,Walsh,Walt,Walter,Walters,Walther,Walton,Wanja,Wanko,Ward,Wardell,Warden,Wardley,Warfield,Warford,Waring,Warley,Warmond,Warmund,Warner,Warnke,Warrane,Warren,Warrick,Warton,Warwick,Washington,Wassilie,Wat,Watkins,Watson,Watt,Waverly,Way,Wayland,Waylon,Wayne,Webb,Weber,Webley,Webster,Weimer,Welborne,Welby,Welch,Weldon,Welf,Welford,Weller,Welles,Wells,Welsh,Welton,Wenceslas,Wendel,Wendelin,Wendell,Wenzel,Werner,Wernher,Werther,Wes,Wesley,Wess,Wessely,West,Westbrook,Westby,Westcott,Westleigh,Weston,Wetherby,Wheaton,Wheeler,Whit,Whitby,Whitcomb,Whitelaw,Whitfield,Whitford,Whitley,Whitlock,Whitman,Whitmore,Whittaker,Wiatt,Wiclef,Wiclif,Wilbur,Wiley,Wilfer,Wilfert,Wilfred,Wilfrid,Wilfried,Wilhelm,Will,Willem,Willi,William,Willie,Willow,Willy,Wilmer,Wilmot,Wilson,Wim,Winchell,Windemuth,Windham,Windsor,Winemar,Winfield,Winfred,Winfrey,Winfrid,Winfried,Wingate,Winimar,Winmar,Winslow,Winsor,Winston,Winthrop,Winton,Winward,Wirt,Wirth,Witas,Witt,Witter,Witton,Wladimir,Wladisla,Woitech,Wolf,Wolfe,Wolfgang,Wolfram,Wolter,Woodie,Woodrow,Woodruff,Woodward,Woody,Wright,Wulf,Wum,Wyatt,Wylie,Wyn,Wyndam,Wynton,Xander,Xaver,Xaverius,Xavier,Xzavier,Yadiel,Yahir,Yamil,Yan,Yannic,Yannick,Yannis,Yasin,Yehudi,Yorik,York,Yosef,Yul,Yule,Yven,Yves,Ywan,Zachariah,Zacharias,Zachary,Zachery,Zack,Zackary,Zackery,Zadoc,Zain,Zaire,Zakary,Zander,Zane,Zavier,Zayne,Zechariah,Zenobio,Zero,Zeus,Zino,