Abram,Acton,Addington,Adlam,Ainsworth,Alby,Alden,Allerton,Alston,Altham,Alvingham,Anderton,Appleton,Asheton,Ashley,Ashton,Astley,Atherton,Atterton,Barclay,Barlow,Barney,Barrie,Barton,Beasant,Beckwith,Benson,Bentham,Bentley,Berkeley,Beverly,Bing,Birkenhead,Blackwood,Blakemore,Blankley,Blythe,Bourne,Bradford,Bradley,Bradly,Bradshaw,Brady,Brandon,Branson,Braxton,Breeden,Brent,Bristol,Brooks,Brown,Browning,Brownrigg,Buckley,Bunce,Burbridge,Burlingame,Burton,Bush,Byron,Camden,Carlisle,Carlton,Carlyle,Charlton,Chatham,Cheek,Chester,Cholmondeley,Churchill,Clapham,Clare,Claridge,Clark,Clayden,Clayton,Clemons,Clifford,Clifton,Clinton,Clive,Colby,Colton,Compton,Coombs,Cooper,Copeland,Cotton,Crawford,Crompton,Cromwell,Crowder,Crutchley,Currington,Dalton,Darby,Davenport,Dawson,Dayton,Deighton,Denholm,Digby,Dryden,Dudley,Duke,Dukes,Earle,Eastaughffe,Eastoft,Elton,Emsworth,England,Farnham,Fawcett,Fisc,Fiske,Fletcher,Foy,Fulton,Gale,Garfield,Garrick,Garside,Garthside,Gartside,Gladstone,Godwin,Goodwin,Graeme,Graham,Gresham,Hackney,Hailey,Hale,Haley,Hallewell,Hamet,Hamilton,Hammett,Hampton,Harding,Harley,Harrington,Harrison,Hartford,Hastings,Hayden,Hayes,Hayhurst,Hayley,Helton,Hildom,Holt,Holton,Home,Hornsby,Huckabee,Huxley,Johnson,Keats,Kelsey,Kendal,Kendall,Kent,Kimberley,Kimberly,Kirby,Knotley,Knottley,Lancaster,Landon,Langdon,Langley,Law,Lea,Lee,Leighton,Lester,Lincoln,Lindsay,Lindsey,Livingstone,Luxford,Mabbott,Marlowe,Melling,Melton,Mendenhall,Merton,Middleton,Mildenhall,Milton,Mitchell,Morley,Morton,Myerscough,Nash,Netley,Newberry,Newbery,Newbury,Nibley,Noonan,Norton,Notleigh,Notley,Nottley,Nunnally,Nutlea,Nutlee,Oakley,Ogden,Oldham,Outerbridge,Paddle,Paddley,Padley,Payton,Peddle,Penney,Penny,Perry,Peyton,Pickering,Pinkerton,Prescott,Presley,Preston,Ramsay,Ramsey,Read,Reed,Reeve,Reeves,Reid,Remington,Richmond,Ridley,Riley,Rischer,Rivers,Rodney,Roscoe,Rowley,Royal,Royston,Rudge,Rudges,Rutherford,Rutland,Rylan,Sagar,Sampson,Sharman,Shearman,Shelby,Sheldon,Shelley,Shelly,Sherman,Sherwood,Shirley,Shurman,Sidney,Smit,Smith,Smithe,Smither,Smithers,Smithies,Smithy,Smyth,Smythe,Snape,Snowdon,Soames,Southey,Spalding,Spaulding,Spooner,Springfield,Stafford,Stamper,Stampes,Stanford,Stanley,Stansfield,Stanton,Stevens,Stevenson,Stonebridge,Stratford,Sutherland,Sutton,Swail,Swailes,Swale,Swales,Sweat,Sweet,Sweete,Swet,Swett,Sydney,Tattersall,Thackeray,Thorne,Thornton,Thorp,Thorpe,Tindall,Torp,Townend,Townsend,Trollope,Twynam,Tyndall,Upton,Ward,Watt,Webb,Whatley,Wheatleigh,Wheatley,Whiteley,Whitley,Whitney,Williams,Wither,Withers,Wyther,Yardley,Yeardley