Adarien,Aden,Adian,Adrew,Aeron,Aidin,Alavin,Alberet,Aldo,Alecor,Alfered,Alix,Alon,Alrah,Alran,Alren,Alvar,Ammett,Andaren,Anderon,Ando,Andren,Anron,Anthor,Antorn,Aran,Aren,Arin,Arnol,Arrel,Arren,Arton,Artor,Arvin,Arving,Ascar,Ashter,Ashtin,Asten,Athen,Auster,Bailin,Bander,Banneth,Barden,Barret,Barrian,Barrish,Barrock,Barroth,Benam,Bennar,Billon,Blane,Bodrin,Brack,Bracks,Braddish,Braddock,Bradyn,Braeden,Braedon,Brandeth,Brannyn,Brant,Branton,Brarton,Brayan,Brenn,Brennard,Briden,Brod,Broden,Brodin,Bron,Bronden,Brunn,Bruze,Bryce,Brydan,Bryen,Bryer,Brynnan,Byran,Byrant,Byrron,Cadder,Callith,Callor,Calrin,Camern,Camren,Carden,Carn,Carrel,Carron,Carsen,Carth,Cason,Cayde,Cayle,Cedrick,Cerran,Chandren,Channer,Charad,Charlin,Charres,Chass,Chrass,Chrestan,Christor,Clarreth,Clarrik,Clarton,Clatton,Clayse,Codin,Colbat,Colliff,Colren,Colrin,Colton,Conin,Connas,Connin,Corban,Corbus,Cordin,Coren,Corlin,Corrad,Corren,Crann,Crodell,Croll,Cryus,Culler,Curtass,Dallar,Dallen,Dallin,Dalran,Daltis,Daman,Dander,Danire,Dannis,Dannys,Dantis,Darick,Daris,Dariss,Darne,Darnis,Darran,Darren,Darreth,Darrik,Darrin,Darrok,Darron,Darvin,Darvon,Davios,Davis,Davith,Dawsin,Dayron,Decran,Dennas,Denzin,Deonte,Deran,Dercin,Derren,Derrock,Derron,Desmor,Deston,Devran,Devron,Dextran,Dilron,Dirron,Donnal,Donovar,Dontar,Dontin,Dorin,Dorran,Dorrick,Dougas,Dovan,Drack,Drak,Dramen,Dramon,Dran,Drannyl,Dravor,Drevyn,Dromen,Dromin,Duncas,Duran,Dustran,Dwan,Dwigher,Dylar,Dyron,Edam,Eddard,Edder,Eddin,Edgarth,Efran,Elden,Eliar,Ellion,Elmar,Elras,Elrin,Emannar,Emersen,Emilar,Entan,Erac,Erner,Erock,Ethon,Everan,Evin,Eyan,Fabiar,Felir,Fellar,Fernar,Gabrin,Gannon,Garrat,Garrel,Garvy,Gerrad,Gerrar,Gidden,Gilbar,Gordar,Graffin,Grag,Grahar,Graige,Grandin,Grandon,Grasson,Gravven,Gregor,Grenn,Grennan,Greysor,Gurnar,Gurner,Harald,Harden,Harlik,Harrin,Harrion,Hectar,Herrath,Horden,Howar,Hugar,Hurdon,Inan,Ivarn,Jackar,Jacke,Jacor,Jaddon,Jaesse,Jakor,Jallen,Jami,Janas,Jarack,Jarad,Jarak,Jaran,Jardan,Jarden,Jaremy,Jares,Jarger,Jaron,Jarrad,Jarson,Jarvas,Javer,Javor,Jaxar,Jayse,Jaze,Jeffary,Jeran,Jessar,Jevan,Jimmer,Jorah,Joran,Jorgan,Jorge,Jorran,Jorrel,Jorvan,Josian,Jovarn,Julan,Jullen,Jullon,Juran,Justan,Kaegan,Karden,Karne,Karrem,Karron,Karsan,Kartis,Kase,Kavvin,Kayl,Kean,Keat,Kegan,Kennat,Keren,Kerith,Kevan,Kevven,Khort,Kierat,Kiran,Kivan,Kober,Kollion,Korb,Korban,Koryn,Kyllan,Lanard,Lancion,Landar,Landor,Lanner,Laroy,Larris,Lartel,Lawren,Lawsen,Layn,Lerris,Levir,Liram,Lorgan,Lucan,Lucas,Luras,Lurs,Malrik,Manrel,Marak,Marcyl,Marcyn,Margan,Markas,Marthew,Marvion,Mateo,Mavrock,Maxar,Maxir,Melvan,Mikal,Miltar,Mitchar,Morsan,Morsh,Mortin,Mykal,Myke,Myle,Narmen,Nathar,Nelsor,Neral,Nestar,Niclas,Nithan,Olivar,Orland,Orwen,Patrack,Paxtan,Payten,Portar,Pranar,Prestan,Preytan,Raman,Randar,Rass,Reben,Rechar,Rendal,Rewan,Rickar,Riler,Robart,Roberd,Rodner,Rody,Rohar,Rolan,Romarn,Ronard,Ronas,Ruban,Rud,Ruger,Russal,Rydan,Ryden,Rylen,Rylon,Sabas,Saloman,Samn,Samurel,Sarrac,Seamas,Seban,Seldan,Semar,Serion,Shale,Sharun,Sibas,Simon,Sowyer,Stanler,Stefon,Stephas,Sterlan,Stuar,Styve,Sulvan,Tadd,Tarik,Tarner,Tavion,Terren,Theodal,Thomos,Timos,Tirius,Tobas,Tobin,Toman,Tranis,Travan,Trentan,Trevas,Trevyr,Trovion,Trytas,Tylan,Tylar,Tyral,Tyron,Varn,Vernan,Warne,Warrek,Waylar,Weslar,Wyllam,Xanner,Zakar,Zandren,Zane,Zarin,Zyre